Type,data1,data2
1,4.30056419140028,3.680527389694955
2,4.655438435685915,3.1288913747143945
3,4.392114459211732,4.055815046648895
4,4.3654051765608575,3.2210391336995055
5,4.3949008417430555,3.6036255045964807
